id,tokens,tags
4725_aug0,"['These', 'data', 'thus', 'indicate', 'that', 'the', 'adrenomyeloneuropathy', 'gene', 'encodes', 'an', '80', 'kDa', 'membrane', 'protein', '.', '.']","['O', 'O', 'O', 'O', 'O', 'O', 'B-Disease', 'O', 'O', 'O', 'O', 'O', 'O', 'O', 'O', 'O']"
4725_aug1,"['These', 'data', 'thus', 'indicate', 'that', 'the', 'contiguous', 'gene', 'syndrome', 'gene', 'encodes', 'an', '80', 'kDa', 'membrane', 'protein', '.', '.']","['O', 'O', 'O', 'O', 'O', 'O', 'B-Disease', 'I-Disease', 'I-Disease', 'O', 'O', 'O', 'O', 'O', 'O', 'O', 'O', 'O']"
4725_aug2,"['These', 'data', 'thus', 'indicate', 'that', 'the', 'aniridia', 'gene', 'encodes', 'an', '80', 'kDa', 'membrane', 'protein', '.', '.']","['O', 'O', 'O', 'O', 'O', 'O', 'B-Disease', 'O', 'O', 'O', 'O', 'O', 'O', 'O', 'O', 'O']"
4725_aug3,"['These', 'data', 'thus', 'indicate', 'that', 'the', 'ALPS', 'gene', 'encodes', 'an', '80', 'kDa', 'membrane', 'protein', '.', '.']","['O', 'O', 'O', 'O', 'O', 'O', 'B-Disease', 'O', 'O', 'O', 'O', 'O', 'O', 'O', 'O', 'O']"
4725_aug4,"['These', 'data', 'thus', 'indicate', 'that', 'the', 'adult', 'MLD', 'gene', 'encodes', 'an', '80', 'kDa', 'membrane', 'protein', '.', '.']","['O', 'O', 'O', 'O', 'O', 'O', 'B-Disease', 'I-Disease', 'O', 'O', 'O', 'O', 'O', 'O', 'O', 'O', 'O']"
3568_aug0,"['Half', 'of', 'all', 'DMD', 'patients', 'have', 'a', 'deletion', 'of', 'one', 'particular', 'small', 'group', 'of', 'exons', ';', 'smaller', 'deletions', 'within', 'this', 'same', 'group', 'produce', 'the', 'more', 'severe', 'BMD', '.', '.']","['O', 'O', 'O', 'B-Disease', 'O', 'O', 'O', 'O', 'O', 'O', 'O', 'O', 'O', 'O', 'O', 'O', 'O', 'O', 'O', 'O', 'O', 'O', 'O', 'O', 'O', 'O', 'B-Disease', 'O', 'O']"
3568_aug1,"['Half', 'of', 'all', 'adrenomyeloneuropathy', 'patients', 'have', 'a', 'deletion', 'of', 'one', 'particular', 'small', 'group', 'of', 'exons', ';', 'smaller', 'deletions', 'within', 'this', 'same', 'group', 'produce', 'the', 'more', 'severe', 'adrenomyeloneuropathy', '.', '.']","['O', 'O', 'O', 'B-Disease', 'O', 'O', 'O', 'O', 'O', 'O', 'O', 'O', 'O', 'O', 'O', 'O', 'O', 'O', 'O', 'O', 'O', 'O', 'O', 'O', 'O', 'O', 'B-Disease', 'O', 'O']"
3568_aug2,"['Half', 'of', 'all', 'contiguous', 'gene', 'syndrome', 'patients', 'have', 'a', 'deletion', 'of', 'one', 'particular', 'small', 'group', 'of', 'exons', ';', 'smaller', 'deletions', 'within', 'this', 'same', 'group', 'produce', 'the', 'contiguous', 'gene', 'syndrome', 'severe', 'DMD', '.', '.']","['O', 'O', 'O', 'B-Disease', 'I-Disease', 'I-Disease', 'O', 'O', 'O', 'O', 'O', 'O', 'O', 'O', 'O', 'O', 'O', 'O', 'O', 'O', 'O', 'O', 'O', 'O', 'O', 'O', 'B-Disease', 'I-Disease', 'I-Disease', 'O', 'B-Disease', 'O', 'O']"
3568_aug3,"['Half', 'of', 'all', 'VHL', 'patients', 'have', 'a', 'deletion', 'of', 'one', 'particular', 'small', 'group', 'of', 'exons', ';', 'smaller', 'deletions', 'within', 'this', 'same', 'group', 'produce', 'the', 'more', 'severe', 'VHL', '.', '.']","['O', 'O', 'O', 'B-Disease', 'O', 'O', 'O', 'O', 'O', 'O', 'O', 'O', 'O', 'O', 'O', 'O', 'O', 'O', 'O', 'O', 'O', 'O', 'O', 'O', 'O', 'O', 'B-Disease', 'O', 'O']"
5369_aug0,"['The', 'loss', 'of', 'wild', '-', 'type', 'BRCA1', 'in', 'tumour', 'of', 'individuals', 'carrying', 'one', 'nonfunctional', 'BRCA1', 'allele', 'suggests', 'that', 'BRCA1', 'encodes', 'a', 'tumours', 'suppressor', 'that', 'may', 'inhibit', 'the', 'proliferation', 'mammary', 'epithelial', 'cells', '.']","['O', 'O', 'O', 'O', 'O', 'O', 'O', 'O', 'B-Disease', 'O', 'O', 'O', 'O', 'O', 'O', 'O', 'O', 'O', 'O', 'O', 'O', 'B-Disease', 'O', 'O', 'O', 'O', 'O', 'O', 'O', 'O', 'O', 'O']"
5369_aug1,"['The', 'loss', 'of', 'wild', '-', 'type', 'BRCA1', 'in', 'colon', 'cancers', 'of', 'individuals', 'carrying', 'one', 'nonfunctional', 'BRCA1', 'allele', 'suggests', 'that', 'BRCA1', 'encodes', 'colon', 'cancers', 'tumour', 'suppressor', 'that', 'may', 'inhibit', 'the', 'proliferation', 'mammary', 'epithelial', 'cells', '.']","['O', 'O', 'O', 'O', 'O', 'O', 'O', 'O', 'B-Disease', 'I-Disease', 'O', 'O', 'O', 'O', 'O', 'O', 'O', 'O', 'O', 'O', 'O', 'B-Disease', 'I-Disease', 'B-Disease', 'O', 'O', 'O', 'O', 'O', 'O', 'O', 'O', 'O', 'O']"
5369_aug2,"['The', 'loss', 'of', 'wild', '-', 'type', 'BRCA1', 'in', 'adenomatous', 'polyposis', 'coli', 'of', 'individuals', 'carrying', 'one', 'nonfunctional', 'BRCA1', 'allele', 'suggests', 'that', 'BRCA1', 'adenomatous', 'polyposis', 'coli', 'a', 'tumour', 'suppressor', 'that', 'may', 'inhibit', 'the', 'proliferation', 'mammary', 'epithelial', 'cells', '.']","['O', 'O', 'O', 'O', 'O', 'O', 'O', 'O', 'B-Disease', 'I-Disease', 'I-Disease', 'O', 'O', 'O', 'O', 'O', 'O', 'O', 'O', 'O', 'O', 'B-Disease', 'I-Disease', 'I-Disease', 'O', 'B-Disease', 'O', 'O', 'O', 'O', 'O', 'O', 'O', 'O', 'O', 'O']"
5369_aug3,"['The', 'loss', 'of', 'wild', '-', 'type', 'BRCA1', 'in', 'APC', 'of', 'individuals', 'carrying', 'one', 'nonfunctional', 'BRCA1', 'allele', 'suggests', 'that', 'BRCA1', 'encodes', 'a', 'APC', 'suppressor', 'that', 'may', 'inhibit', 'the', 'proliferation', 'mammary', 'epithelial', 'cells', '.']","['O', 'O', 'O', 'O', 'O', 'O', 'O', 'O', 'B-Disease', 'O', 'O', 'O', 'O', 'O', 'O', 'O', 'O', 'O', 'O', 'O', 'O', 'B-Disease', 'O', 'O', 'O', 'O', 'O', 'O', 'O', 'O', 'O', 'O']"
5369_aug4,"['The', 'loss', 'of', 'wild', '-', 'type', 'BRCA1', 'in', 'colon', 'and', 'some', 'other', 'cancers', 'of', 'individuals', 'carrying', 'one', 'nonfunctional', 'BRCA1', 'allele', 'suggests', 'colon', 'and', 'some', 'other', 'cancers', 'BRCA1', 'encodes', 'a', 'tumour', 'suppressor', 'that', 'may', 'inhibit', 'the', 'proliferation', 'mammary', 'epithelial', 'cells', '.']","['O', 'O', 'O', 'O', 'O', 'O', 'O', 'O', 'B-Disease', 'I-Disease', 'I-Disease', 'I-Disease', 'I-Disease', 'O', 'O', 'O', 'O', 'O', 'O', 'O', 'O', 'B-Disease', 'I-Disease', 'I-Disease', 'I-Disease', 'I-Disease', 'O', 'O', 'O', 'B-Disease', 'O', 'O', 'O', 'O', 'O', 'O', 'O', 'O', 'O', 'O']"
5116_aug0,"['extensive', 'DNA', 'protein', 'sequence', 'comparison', 'human', 'HD', 'gene', 'related', 'genes', 'database', 'revealed', 'homology', 'cysteine', '-', 'rich']","['O', 'O', 'O', 'O', 'O', 'O', 'B-Disease', 'O', 'O', 'O', 'O', 'O', 'O', 'O', 'O', 'O']"
5116_aug1,"['extensive', 'DNA', 'protein', 'sequence', 'comparison', 'human', 'Norrie', 'disease', 'gene', 'related', 'genes', 'database', 'revealed', 'homology', 'cysteine', '-', 'rich']","['O', 'O', 'O', 'O', 'O', 'O', 'B-Disease', 'I-Disease', 'O', 'O', 'O', 'O', 'O', 'O', 'O', 'O', 'O']"
5116_aug2,"['extensive', 'DNA', 'protein', 'sequence', 'comparison', 'human', 'pseudoglioma', 'gene', 'related', 'genes', 'database', 'revealed', 'homology', 'cysteine', '-', 'rich']","['O', 'O', 'O', 'O', 'O', 'O', 'B-Disease', 'O', 'O', 'O', 'O', 'O', 'O', 'O', 'O', 'O']"
5116_aug3,"['extensive', 'DNA', 'protein', 'sequence', 'comparison', 'human', 'X', '-', 'linked', 'neurodevelopmental', 'disorder', 'gene', 'related', 'genes', 'database', 'revealed', 'homology', 'cysteine', '-', 'rich']","['O', 'O', 'O', 'O', 'O', 'O', 'B-Disease', 'I-Disease', 'I-Disease', 'I-Disease', 'I-Disease', 'O', 'O', 'O', 'O', 'O', 'O', 'O', 'O', 'O']"
5116_aug4,"['extensive', 'DNA', 'protein', 'sequence', 'comparison', 'human', 'colon', 'cancers', 'gene', 'related', 'genes', 'database', 'revealed', 'homology', 'cysteine', '-', 'rich']","['O', 'O', 'O', 'O', 'O', 'O', 'B-Disease', 'I-Disease', 'O', 'O', 'O', 'O', 'O', 'O', 'O', 'O', 'O']"
51_aug0,"['The', 'breast', 'and', '/', 'or', 'ovarian', 'cancer', 'incidence', 'among', 'the', 'siblings', 'or', 'the', 'parents', 'did', 'breast', 'and', '/', 'or', 'ovarian', 'cancer', 'differ', 'from', 'the', 'average', 'cancer', 'incidence', 'in', 'the', 'Finnish', 'population', '.']","['O', 'B-Disease', 'I-Disease', 'I-Disease', 'I-Disease', 'I-Disease', 'I-Disease', 'O', 'O', 'O', 'O', 'O', 'O', 'O', 'O', 'B-Disease', 'I-Disease', 'I-Disease', 'I-Disease', 'I-Disease', 'I-Disease', 'O', 'O', 'O', 'O', 'B-Disease', 'O', 'O', 'O', 'O', 'O', 'O']"
51_aug1,"['The', 'prostate', 'cancer', 'incidence', 'among', 'the', 'siblings', 'or', 'the', 'parents', 'did', 'not', 'differ', 'from', 'the', 'prostate', 'cancer', 'cancer', 'incidence', 'in', 'the', 'Finnish', 'population', '.']","['O', 'B-Disease', 'I-Disease', 'O', 'O', 'O', 'O', 'O', 'O', 'O', 'O', 'O', 'O', 'O', 'O', 'B-Disease', 'I-Disease', 'B-Disease', 'O', 'O', 'O', 'O', 'O', 'O']"
4408_aug0,"['Comparison', '940', '-', 'bp', 'sequence', 'putative', 'translation', 'start', 'site', 'reveals', 'highly', 'conserved', 'region', '(', 'NDP', 'gene']","['O', 'O', 'O', 'O', 'O', 'O', 'O', 'O', 'O', 'O', 'O', 'O', 'O', 'O', 'B-Disease', 'O']"
4408_aug1,"['Comparison', '940', '-', 'bp', 'sequence', 'putative', 'translation', 'start', 'site', 'reveals', 'highly', 'conserved', 'region', '(', 'McLeod', 'gene']","['O', 'O', 'O', 'O', 'O', 'O', 'O', 'O', 'O', 'O', 'O', 'O', 'O', 'O', 'B-Disease', 'O']"
4408_aug2,"['Comparison', '940', '-', 'bp', 'sequence', 'putative', 'translation', 'start', 'site', 'reveals', 'highly', 'conserved', 'region', '(', 'ALD', 'gene']","['O', 'O', 'O', 'O', 'O', 'O', 'O', 'O', 'O', 'O', 'O', 'O', 'O', 'O', 'B-Disease', 'O']"
4408_aug3,"['Comparison', '940', '-', 'bp', 'sequence', 'putative', 'translation', 'start', 'site', 'reveals', 'highly', 'conserved', 'region', '(', 'von', 'Willebrand', 'disease', 'type', 'B', 'gene']","['O', 'O', 'O', 'O', 'O', 'O', 'O', 'O', 'O', 'O', 'O', 'O', 'O', 'O', 'B-Disease', 'I-Disease', 'I-Disease', 'I-Disease', 'I-Disease', 'O']"
4408_aug4,"['Comparison', '940', '-', 'bp', 'sequence', 'putative', 'translation', 'start', 'site', 'reveals', 'highly', 'conserved', 'region', '(', 'DM', 'gene']","['O', 'O', 'O', 'O', 'O', 'O', 'O', 'O', 'O', 'O', 'O', 'O', 'O', 'O', 'B-Disease', 'O']"
5042_aug0,"['The', 'clinical', 'manifestation', 'of', 'DM', '(', 'DM', 'myotonic', 'dystrophy', 'is', 'correlated', 'to', 'the', 'extent', 'of', 'expansion', 'of', 'an', 'unstable', '[', 'CTG', ']', 'n', 'DNA', 'motif', '.']","['O', 'O', 'O', 'O', 'B-Disease', 'O', 'B-Disease', 'B-Disease', 'I-Disease', 'O', 'O', 'O', 'O', 'O', 'O', 'O', 'O', 'O', 'O', 'O', 'O', 'O', 'O', 'O', 'O', 'O']"
3673_aug0,"['Regional', 'localization', 'polymorphic', 'DNA', 'loci', 'proximal', 'long', 'arm', 'X', 'chromosome', 'using', 'deletions', 'associated', 'with', 'hereditary', 'and', 'non', 'hereditary', 'retinoblastoma', '.']","['O', 'O', 'O', 'O', 'O', 'O', 'O', 'O', 'O', 'O', 'O', 'O', 'O', 'O', 'B-Disease', 'I-Disease', 'I-Disease', 'I-Disease', 'I-Disease', 'O']"
3673_aug1,"['Regional', 'localization', 'polymorphic', 'DNA', 'loci', 'proximal', 'long', 'arm', 'X', 'chromosome', 'using', 'deletions', 'associated', 'with', 'DMD', '.']","['O', 'O', 'O', 'O', 'O', 'O', 'O', 'O', 'O', 'O', 'O', 'O', 'O', 'O', 'B-Disease', 'O']"
3673_aug2,"['Regional', 'localization', 'polymorphic', 'DNA', 'loci', 'proximal', 'long', 'arm', 'X', 'chromosome', 'using', 'deletions', 'associated', 'with', 'breast', '-', 'ovarian', 'cancer', '.']","['O', 'O', 'O', 'O', 'O', 'O', 'O', 'O', 'O', 'O', 'O', 'O', 'O', 'O', 'B-Disease', 'I-Disease', 'I-Disease', 'I-Disease', 'O']"
3673_aug3,"['Regional', 'localization', 'polymorphic', 'DNA', 'loci', 'proximal', 'long', 'arm', 'X', 'chromosome', 'using', 'deletions', 'associated', 'with', 'BMD', '.']","['O', 'O', 'O', 'O', 'O', 'O', 'O', 'O', 'O', 'O', 'O', 'O', 'O', 'O', 'B-Disease', 'O']"
3673_aug4,"['Regional', 'localization', 'polymorphic', 'DNA', 'loci', 'proximal', 'long', 'arm', 'X', 'chromosome', 'using', 'deletions', 'associated', 'with', 'multiple', 'epiphyseal', 'dysplasia', '.']","['O', 'O', 'O', 'O', 'O', 'O', 'O', 'O', 'O', 'O', 'O', 'O', 'O', 'O', 'B-Disease', 'I-Disease', 'I-Disease', 'O']"
4168_aug0,"['An', 'Irish', 'family', 'is', 'described', ',', 'in', 'which', '2', 'of', '3', 'brothers', 'had', 'recurrent', 'breast', 'and', '/', 'or', 'ovarian', 'cancer', '.']","['O', 'O', 'O', 'O', 'O', 'O', 'O', 'O', 'O', 'O', 'O', 'O', 'O', 'O', 'B-Disease', 'I-Disease', 'I-Disease', 'I-Disease', 'I-Disease', 'I-Disease', 'O']"
4811_aug0,"['molecular', 'genetic', 'study', '142', 'families', 'including', '418', 'myotonic', 'dystrophy', 'patients', ',', 'investigated', 'dynamics', 'CTG', 'repeat', 'meiotic', 'instability']","['O', 'O', 'O', 'O', 'O', 'O', 'O', 'B-Disease', 'I-Disease', 'O', 'O', 'O', 'O', 'O', 'O', 'O', 'O']"
4811_aug1,"['molecular', 'genetic', 'study', '142', 'families', 'including', '418', 'Wilson', 'disease', 'patients', ',', 'investigated', 'dynamics', 'CTG', 'repeat', 'meiotic', 'instability']","['O', 'O', 'O', 'O', 'O', 'O', 'O', 'B-Disease', 'I-Disease', 'O', 'O', 'O', 'O', 'O', 'O', 'O', 'O']"
4811_aug2,"['molecular', 'genetic', 'study', '142', 'families', 'including', '418', 'intracellular', 'copper', 'accumulation', 'patients', ',', 'investigated', 'dynamics', 'CTG', 'repeat', 'meiotic', 'instability']","['O', 'O', 'O', 'O', 'O', 'O', 'O', 'B-Disease', 'I-Disease', 'I-Disease', 'O', 'O', 'O', 'O', 'O', 'O', 'O', 'O']"
4811_aug3,"['molecular', 'genetic', 'study', '142', 'families', 'including', '418', 'late', '-', 'onset', 'hepatic', 'nodular', 'transformation', 'patients', ',', 'investigated', 'dynamics', 'CTG', 'repeat', 'meiotic', 'instability']","['O', 'O', 'O', 'O', 'O', 'O', 'O', 'B-Disease', 'I-Disease', 'I-Disease', 'I-Disease', 'I-Disease', 'I-Disease', 'O', 'O', 'O', 'O', 'O', 'O', 'O', 'O']"
4811_aug4,"['molecular', 'genetic', 'study', '142', 'families', 'including', '418', 'adrenomyeloneuropathy', 'patients', ',', 'investigated', 'dynamics', 'CTG', 'repeat', 'meiotic', 'instability']","['O', 'O', 'O', 'O', 'O', 'O', 'O', 'B-Disease', 'O', 'O', 'O', 'O', 'O', 'O', 'O', 'O']"
313_aug0,"['data', 'suggest', 'intracytoplasmic', 'CD95', 'mutations', 'IVF', 'impair', 'apoptosis', 'chiefly', 'disrupting', 'death', '-', 'domain', 'interactions', 'signaling', 'protein']","['O', 'O', 'O', 'O', 'O', 'B-Disease', 'O', 'O', 'O', 'O', 'O', 'O', 'O', 'O', 'O', 'O']"
313_aug1,"['data', 'suggest', 'intracytoplasmic', 'CD95', 'mutations', 'Wilson', 'disease', 'impair', 'apoptosis', 'chiefly', 'disrupting', 'death', '-', 'domain', 'interactions', 'signaling', 'protein']","['O', 'O', 'O', 'O', 'O', 'B-Disease', 'I-Disease', 'O', 'O', 'O', 'O', 'O', 'O', 'O', 'O', 'O', 'O']"
313_aug2,"['data', 'suggest', 'intracytoplasmic', 'CD95', 'mutations', 'intracellular', 'copper', 'accumulation', 'impair', 'apoptosis', 'chiefly', 'disrupting', 'death', '-', 'domain', 'interactions', 'signaling', 'protein']","['O', 'O', 'O', 'O', 'O', 'B-Disease', 'I-Disease', 'I-Disease', 'O', 'O', 'O', 'O', 'O', 'O', 'O', 'O', 'O', 'O']"
313_aug3,"['data', 'suggest', 'intracytoplasmic', 'CD95', 'mutations', 'late', '-', 'onset', 'hepatic', 'nodular', 'transformation', 'impair', 'apoptosis', 'chiefly', 'disrupting', 'death', '-', 'domain', 'interactions', 'signaling', 'protein']","['O', 'O', 'O', 'O', 'O', 'B-Disease', 'I-Disease', 'I-Disease', 'I-Disease', 'I-Disease', 'I-Disease', 'O', 'O', 'O', 'O', 'O', 'O', 'O', 'O', 'O', 'O']"
313_aug4,"['data', 'suggest', 'intracytoplasmic', 'CD95', 'mutations', 'adrenomyeloneuropathy', 'impair', 'apoptosis', 'chiefly', 'disrupting', 'death', '-', 'domain', 'interactions', 'signaling', 'protein']","['O', 'O', 'O', 'O', 'O', 'B-Disease', 'O', 'O', 'O', 'O', 'O', 'O', 'O', 'O', 'O', 'O']"
3592_aug0,"['Thus', ',', 'the', 'patient', 'appeared', 'to', 'be', 'doubly', 'heterozygous', 'for', 'interacting', 'uniparental', 'disomy', 'affecting', 'vWF', 'expression', '.']","['O', 'O', 'O', 'O', 'O', 'O', 'O', 'O', 'O', 'O', 'O', 'B-Disease', 'I-Disease', 'O', 'O', 'O', 'O']"
2216_aug0,"['Mutations', 'at', 'the', 'phenylalanine', 'hydroxylase', '(', 'PAH', ')', 'locus', 'are', 'the', 'major', 'cause', 'of', 'Tay', '-', 'Sachs', 'disease', '.']","['O', 'O', 'O', 'O', 'O', 'O', 'O', 'O', 'O', 'O', 'O', 'O', 'O', 'O', 'B-Disease', 'I-Disease', 'I-Disease', 'I-Disease', 'O']"
2216_aug1,"['Mutations', 'at', 'the', 'phenylalanine', 'hydroxylase', '(', 'PAH', ')', 'locus', 'are', 'the', 'major', 'cause', 'of', 'autosomal', 'recessive', 'genetic', 'disorder', '.']","['O', 'O', 'O', 'O', 'O', 'O', 'O', 'O', 'O', 'O', 'O', 'O', 'O', 'O', 'B-Disease', 'I-Disease', 'I-Disease', 'I-Disease', 'O']"
2216_aug2,"['Mutations', 'at', 'the', 'phenylalanine', 'hydroxylase', '(', 'PAH', ')', 'locus', 'are', 'the', 'major', 'cause', 'of', 'Kniest', 'dysplasia', '.']","['O', 'O', 'O', 'O', 'O', 'O', 'O', 'O', 'O', 'O', 'O', 'O', 'O', 'O', 'B-Disease', 'I-Disease', 'O']"
2216_aug3,"['Mutations', 'at', 'the', 'phenylalanine', 'hydroxylase', '(', 'PAH', ')', 'locus', 'are', 'the', 'major', 'cause', 'of', 'chondrodysplasia', '.']","['O', 'O', 'O', 'O', 'O', 'O', 'O', 'O', 'O', 'O', 'O', 'O', 'O', 'O', 'B-Disease', 'O']"
2216_aug4,"['Mutations', 'at', 'the', 'phenylalanine', 'hydroxylase', '(', 'PAH', ')', 'locus', 'are', 'the', 'major', 'cause', 'of', 'Very', 'long', 'chain', 'acyl', '-', 'CoA', 'dehydrogenase', '(', 'VLCAD', ')', 'deficiency', '.']","['O', 'O', 'O', 'O', 'O', 'O', 'O', 'O', 'O', 'O', 'O', 'O', 'O', 'O', 'B-Disease', 'I-Disease', 'I-Disease', 'I-Disease', 'I-Disease', 'I-Disease', 'I-Disease', 'I-Disease', 'I-Disease', 'I-Disease', 'I-Disease', 'O']"
3149_aug0,"['/', 'GCP', 'region', 'also', 'analyzed', '29', 'French', 'seven', 'North', 'American', 'adrenomyeloneuropathy', 'patients', 'using', 'six', 'genomic', 'DNA']","['O', 'O', 'O', 'O', 'O', 'O', 'O', 'O', 'O', 'O', 'B-Disease', 'O', 'O', 'O', 'O', 'O']"
3149_aug1,"['/', 'GCP', 'region', 'also', 'analyzed', '29', 'French', 'seven', 'North', 'American', 'contiguous', 'gene', 'syndrome', 'patients', 'using', 'six', 'genomic', 'DNA']","['O', 'O', 'O', 'O', 'O', 'O', 'O', 'O', 'O', 'O', 'B-Disease', 'I-Disease', 'I-Disease', 'O', 'O', 'O', 'O', 'O']"
3149_aug2,"['/', 'GCP', 'region', 'also', 'analyzed', '29', 'French', 'seven', 'North', 'American', 'aniridia', 'patients', 'using', 'six', 'genomic', 'DNA']","['O', 'O', 'O', 'O', 'O', 'O', 'O', 'O', 'O', 'O', 'B-Disease', 'O', 'O', 'O', 'O', 'O']"
3149_aug3,"['/', 'GCP', 'region', 'also', 'analyzed', '29', 'French', 'seven', 'North', 'American', 'ALPS', 'patients', 'using', 'six', 'genomic', 'DNA']","['O', 'O', 'O', 'O', 'O', 'O', 'O', 'O', 'O', 'O', 'B-Disease', 'O', 'O', 'O', 'O', 'O']"
3149_aug4,"['/', 'GCP', 'region', 'also', 'analyzed', '29', 'French', 'seven', 'North', 'American', 'adult', 'MLD', 'patients', 'using', 'six', 'genomic', 'DNA']","['O', 'O', 'O', 'O', 'O', 'O', 'O', 'O', 'O', 'O', 'B-Disease', 'I-Disease', 'O', 'O', 'O', 'O', 'O']"
3322_aug0,"['To', 'identify', 'the', 'mutations', 'which', 'inactivate', 'RB1', ',', '21', 'hereditary', 'and', 'non', 'hereditary', 'retinoblastoma', 'isolated', 'from', '19', 'patients', 'were', 'analyzed', 'with', 'the', 'polymerase', 'chain', 'reaction', 'or', 'an', 'RNase', 'protection', 'assay', 'or', 'both', '.']","['O', 'O', 'O', 'O', 'O', 'O', 'O', 'O', 'O', 'B-Disease', 'I-Disease', 'I-Disease', 'I-Disease', 'I-Disease', 'O', 'O', 'O', 'O', 'O', 'O', 'O', 'O', 'O', 'O', 'O', 'O', 'O', 'O', 'O', 'O', 'O', 'O', 'O']"
3322_aug1,"['To', 'identify', 'the', 'mutations', 'which', 'inactivate', 'RB1', ',', '21', 'FRDA', 'isolated', 'from', '19', 'patients', 'were', 'analyzed', 'with', 'the', 'polymerase', 'chain', 'reaction', 'or', 'an', 'RNase', 'protection', 'assay', 'or', 'both', '.']","['O', 'O', 'O', 'O', 'O', 'O', 'O', 'O', 'O', 'B-Disease', 'O', 'O', 'O', 'O', 'O', 'O', 'O', 'O', 'O', 'O', 'O', 'O', 'O', 'O', 'O', 'O', 'O', 'O', 'O']"
3322_aug2,"['To', 'identify', 'the', 'mutations', 'which', 'inactivate', 'RB1', ',', '21', 'prostate', 'cancer', 'isolated', 'from', '19', 'patients', 'were', 'analyzed', 'with', 'the', 'polymerase', 'chain', 'reaction', 'or', 'an', 'RNase', 'protection', 'assay', 'or', 'both', '.']","['O', 'O', 'O', 'O', 'O', 'O', 'O', 'O', 'O', 'B-Disease', 'I-Disease', 'O', 'O', 'O', 'O', 'O', 'O', 'O', 'O', 'O', 'O', 'O', 'O', 'O', 'O', 'O', 'O', 'O', 'O', 'O']"
3322_aug3,"['To', 'identify', 'the', 'mutations', 'which', 'inactivate', 'RB1', ',', '21', 'von', 'Willebrand', 'disease', 'type', 'B', 'isolated', 'from', '19', 'patients', 'were', 'analyzed', 'with', 'the', 'polymerase', 'chain', 'reaction', 'or', 'an', 'RNase', 'protection', 'assay', 'or', 'both', '.']","['O', 'O', 'O', 'O', 'O', 'O', 'O', 'O', 'O', 'B-Disease', 'I-Disease', 'I-Disease', 'I-Disease', 'I-Disease', 'O', 'O', 'O', 'O', 'O', 'O', 'O', 'O', 'O', 'O', 'O', 'O', 'O', 'O', 'O', 'O', 'O', 'O', 'O']"
3053_aug0,"['Both', 'linkage', 'analysis', 'and', 'DNA', 'fingerprint', 'analysis', 'revealed', 'that', 'each', 'twin', 'has', 'two', 'different', 'X', 'chromosomes', ',', 'eliminating', 'the', 'possibility', 'of', 'genetic', 'abnormalities', 'as', 'a', 'mechanism', 'for', 'BMD', 'expression', '.']","['O', 'O', 'O', 'O', 'O', 'O', 'O', 'O', 'O', 'O', 'O', 'O', 'O', 'O', 'O', 'O', 'O', 'O', 'O', 'O', 'O', 'B-Disease', 'I-Disease', 'O', 'O', 'O', 'O', 'B-Disease', 'O', 'O']"
1699_aug0,"['uniparental', 'disomy', 'is', 'due', 'to', 'lack', 'paternal', 'genetic', 'information', '15q11', '-', 'q13', '(', 'ref', '.', ')', '.']","['B-Disease', 'I-Disease', 'O', 'O', 'O', 'O', 'O', 'O', 'O', 'O', 'O', 'O', 'O', 'O', 'O', 'O', 'O']"
1699_aug1,"['choroideremia', 'is', 'due', 'to', 'lack', 'paternal', 'genetic', 'information', '15q11', '-', 'q13', '(', 'ref', '.', ')', '.']","['B-Disease', 'O', 'O', 'O', 'O', 'O', 'O', 'O', 'O', 'O', 'O', 'O', 'O', 'O', 'O', 'O']"
1699_aug2,"['adrenomyeloneuropathy', 'is', 'due', 'to', 'lack', 'paternal', 'genetic', 'information', '15q11', '-', 'q13', '(', 'ref', '.', ')', '.']","['B-Disease', 'O', 'O', 'O', 'O', 'O', 'O', 'O', 'O', 'O', 'O', 'O', 'O', 'O', 'O', 'O']"
1699_aug3,"['contiguous', 'gene', 'syndrome', 'is', 'due', 'to', 'lack', 'paternal', 'genetic', 'information', '15q11', '-', 'q13', '(', 'ref', '.', ')', '.']","['B-Disease', 'I-Disease', 'I-Disease', 'O', 'O', 'O', 'O', 'O', 'O', 'O', 'O', 'O', 'O', 'O', 'O', 'O', 'O', 'O']"
1699_aug4,"['Kniest', 'dysplasia', 'is', 'due', 'to', 'lack', 'paternal', 'genetic', 'information', '15q11', '-', 'q13', '(', 'ref', '.', ')', '.']","['B-Disease', 'I-Disease', 'O', 'O', 'O', 'O', 'O', 'O', 'O', 'O', 'O', 'O', 'O', 'O', 'O', 'O', 'O']"
1393_aug0,"['identify', 'additional', 'imprinted', 'genes', 'could', 'contribute', 'uniparental', 'disomy', 'phenotype', 'understand', 'regional', 'control', 'imprinting', '15q11', '-', 'q13', ',']","['O', 'O', 'O', 'O', 'O', 'O', 'B-Disease', 'I-Disease', 'O', 'O', 'O', 'O', 'O', 'O', 'O', 'O', 'O']"
1393_aug1,"['identify', 'additional', 'imprinted', 'genes', 'could', 'contribute', 'choroideremia', 'phenotype', 'understand', 'regional', 'control', 'imprinting', '15q11', '-', 'q13', ',']","['O', 'O', 'O', 'O', 'O', 'O', 'B-Disease', 'O', 'O', 'O', 'O', 'O', 'O', 'O', 'O', 'O']"
1393_aug2,"['identify', 'additional', 'imprinted', 'genes', 'could', 'contribute', 'adrenomyeloneuropathy', 'phenotype', 'understand', 'regional', 'control', 'imprinting', '15q11', '-', 'q13', ',']","['O', 'O', 'O', 'O', 'O', 'O', 'B-Disease', 'O', 'O', 'O', 'O', 'O', 'O', 'O', 'O', 'O']"
1393_aug3,"['identify', 'additional', 'imprinted', 'genes', 'could', 'contribute', 'contiguous', 'gene', 'syndrome', 'phenotype', 'understand', 'regional', 'control', 'imprinting', '15q11', '-', 'q13', ',']","['O', 'O', 'O', 'O', 'O', 'O', 'B-Disease', 'I-Disease', 'I-Disease', 'O', 'O', 'O', 'O', 'O', 'O', 'O', 'O', 'O']"
1393_aug4,"['identify', 'additional', 'imprinted', 'genes', 'could', 'contribute', 'Kniest', 'dysplasia', 'phenotype', 'understand', 'regional', 'control', 'imprinting', '15q11', '-', 'q13', ',']","['O', 'O', 'O', 'O', 'O', 'O', 'B-Disease', 'I-Disease', 'O', 'O', 'O', 'O', 'O', 'O', 'O', 'O', 'O']"
937_aug0,"['Using', 'phosphorus', 'magnetic', 'resonance', 'spectroscopy', 'demonstrated', 'maximum', 'rate', 'muscle', 'mitochondrial', 'ATP', 'production', '(', '12', 'DMD', 'patients']","['O', 'O', 'O', 'O', 'O', 'O', 'O', 'O', 'O', 'O', 'O', 'O', 'O', 'O', 'B-Disease', 'O']"
937_aug1,"['Using', 'phosphorus', 'magnetic', 'resonance', 'spectroscopy', 'demonstrated', 'maximum', 'rate', 'muscle', 'mitochondrial', 'ATP', 'production', '(', '12', 'BMD', 'patients']","['O', 'O', 'O', 'O', 'O', 'O', 'O', 'O', 'O', 'O', 'O', 'O', 'O', 'O', 'B-Disease', 'O']"
937_aug2,"['Using', 'phosphorus', 'magnetic', 'resonance', 'spectroscopy', 'demonstrated', 'maximum', 'rate', 'muscle', 'mitochondrial', 'ATP', 'production', '(', '12', 'IVF', 'patients']","['O', 'O', 'O', 'O', 'O', 'O', 'O', 'O', 'O', 'O', 'O', 'O', 'O', 'O', 'B-Disease', 'O']"
937_aug3,"['Using', 'phosphorus', 'magnetic', 'resonance', 'spectroscopy', 'demonstrated', 'maximum', 'rate', 'muscle', 'mitochondrial', 'ATP', 'production', '(', '12', 'Wilson', 'disease', 'patients']","['O', 'O', 'O', 'O', 'O', 'O', 'O', 'O', 'O', 'O', 'O', 'O', 'O', 'O', 'B-Disease', 'I-Disease', 'O']"
937_aug4,"['Using', 'phosphorus', 'magnetic', 'resonance', 'spectroscopy', 'demonstrated', 'maximum', 'rate', 'muscle', 'mitochondrial', 'ATP', 'production', '(', '12', 'intracellular', 'copper', 'accumulation', 'patients']","['O', 'O', 'O', 'O', 'O', 'O', 'O', 'O', 'O', 'O', 'O', 'O', 'O', 'O', 'B-Disease', 'I-Disease', 'I-Disease', 'O']"
200_aug0,"['Multicentric', 'origin', 'of', 'breast', '-', 'ovarian', 'cancer', 'gene', '(', 'HFE', ')', 'mutations', '.']","['O', 'O', 'O', 'B-Disease', 'I-Disease', 'I-Disease', 'I-Disease', 'O', 'O', 'O', 'O', 'O', 'O']"
4728_aug0,"['We', 'have', 'assembled', 'a', 'cosmid', 'contig', 'of', '360', 'kb', 'that', 'encompasses', 'the', 'choroideremia', 'gene', 'locus', '.']","['O', 'O', 'O', 'O', 'O', 'O', 'O', 'O', 'O', 'O', 'O', 'O', 'B-Disease', 'O', 'O', 'O']"
4728_aug1,"['We', 'have', 'assembled', 'a', 'cosmid', 'contig', 'of', '360', 'kb', 'that', 'encompasses', 'the', 'HD', 'gene', 'locus', '.']","['O', 'O', 'O', 'O', 'O', 'O', 'O', 'O', 'O', 'O', 'O', 'O', 'B-Disease', 'O', 'O', 'O']"
4728_aug2,"['We', 'have', 'assembled', 'a', 'cosmid', 'contig', 'of', '360', 'kb', 'that', 'encompasses', 'the', 'DM', 'gene', 'locus', '.']","['O', 'O', 'O', 'O', 'O', 'O', 'O', 'O', 'O', 'O', 'O', 'O', 'B-Disease', 'O', 'O', 'O']"
4728_aug3,"['We', 'have', 'assembled', 'a', 'cosmid', 'contig', 'of', '360', 'kb', 'that', 'encompasses', 'the', 'ALD', 'gene', 'locus', '.']","['O', 'O', 'O', 'O', 'O', 'O', 'O', 'O', 'O', 'O', 'O', 'O', 'B-Disease', 'O', 'O', 'O']"
4728_aug4,"['We', 'have', 'assembled', 'a', 'cosmid', 'contig', 'of', '360', 'kb', 'that', 'encompasses', 'the', 'NDP', 'gene', 'locus', '.']","['O', 'O', 'O', 'O', 'O', 'O', 'O', 'O', 'O', 'O', 'O', 'O', 'B-Disease', 'O', 'O', 'O']"
272_aug0,"['results', 'demonstrate', 'that', 'pendrin', 'functions', 'as', 'a', 'transporter', 'of', 'chloride', 'and', 'iodide', ',', 'but', 'not', 'sulfate', ',', 'and', 'may', 'provide', 'insight', 'into', 'thyroid', 'physiology', 'and', 'the', 'pathophysiology', 'of', 'adrenomyeloneuropathy', '.', '.']","['O', 'O', 'O', 'O', 'O', 'O', 'O', 'O', 'O', 'O', 'O', 'O', 'O', 'O', 'O', 'O', 'O', 'O', 'O', 'O', 'O', 'O', 'O', 'O', 'O', 'O', 'O', 'O', 'B-Disease', 'O', 'O']"
272_aug1,"['results', 'demonstrate', 'that', 'pendrin', 'functions', 'as', 'a', 'transporter', 'of', 'chloride', 'and', 'iodide', ',', 'but', 'not', 'sulfate', ',', 'and', 'may', 'provide', 'insight', 'into', 'thyroid', 'physiology', 'and', 'the', 'pathophysiology', 'of', 'contiguous', 'gene', 'syndrome', '.', '.']","['O', 'O', 'O', 'O', 'O', 'O', 'O', 'O', 'O', 'O', 'O', 'O', 'O', 'O', 'O', 'O', 'O', 'O', 'O', 'O', 'O', 'O', 'O', 'O', 'O', 'O', 'O', 'O', 'B-Disease', 'I-Disease', 'I-Disease', 'O', 'O']"
272_aug2,"['results', 'demonstrate', 'that', 'pendrin', 'functions', 'as', 'a', 'transporter', 'of', 'chloride', 'and', 'iodide', ',', 'but', 'not', 'sulfate', ',', 'and', 'may', 'provide', 'insight', 'into', 'thyroid', 'physiology', 'and', 'the', 'pathophysiology', 'of', 'IVF', '.', '.']","['O', 'O', 'O', 'O', 'O', 'O', 'O', 'O', 'O', 'O', 'O', 'O', 'O', 'O', 'O', 'O', 'O', 'O', 'O', 'O', 'O', 'O', 'O', 'O', 'O', 'O', 'O', 'O', 'B-Disease', 'O', 'O']"
272_aug3,"['results', 'demonstrate', 'that', 'pendrin', 'functions', 'as', 'a', 'transporter', 'of', 'chloride', 'and', 'iodide', ',', 'but', 'not', 'sulfate', ',', 'and', 'may', 'provide', 'insight', 'into', 'thyroid', 'physiology', 'and', 'the', 'pathophysiology', 'of', 'Wilson', 'disease', '.', '.']","['O', 'O', 'O', 'O', 'O', 'O', 'O', 'O', 'O', 'O', 'O', 'O', 'O', 'O', 'O', 'O', 'O', 'O', 'O', 'O', 'O', 'O', 'O', 'O', 'O', 'O', 'O', 'O', 'B-Disease', 'I-Disease', 'O', 'O']"
272_aug4,"['results', 'demonstrate', 'that', 'pendrin', 'functions', 'as', 'a', 'transporter', 'of', 'chloride', 'and', 'iodide', ',', 'but', 'not', 'sulfate', ',', 'and', 'may', 'provide', 'insight', 'into', 'thyroid', 'physiology', 'and', 'the', 'pathophysiology', 'of', 'intracellular', 'copper', 'accumulation', '.', '.']","['O', 'O', 'O', 'O', 'O', 'O', 'O', 'O', 'O', 'O', 'O', 'O', 'O', 'O', 'O', 'O', 'O', 'O', 'O', 'O', 'O', 'O', 'O', 'O', 'O', 'O', 'O', 'O', 'B-Disease', 'I-Disease', 'I-Disease', 'O', 'O']"
637_aug0,"['hypothesis', 'confirmed', 'adrenomyeloneuropathy', 'pedigrees', ',', 'represent', 'one', 'first', 'examples', 'gene', ',', 'mapped', 'linkage', 'analysis', ',', 'modifies']","['O', 'O', 'B-Disease', 'O', 'O', 'O', 'O', 'O', 'O', 'O', 'O', 'O', 'O', 'O', 'O', 'O']"
637_aug1,"['hypothesis', 'confirmed', 'contiguous', 'gene', 'syndrome', 'pedigrees', ',', 'represent', 'one', 'first', 'examples', 'gene', ',', 'mapped', 'linkage', 'analysis', ',', 'modifies']","['O', 'O', 'B-Disease', 'I-Disease', 'I-Disease', 'O', 'O', 'O', 'O', 'O', 'O', 'O', 'O', 'O', 'O', 'O', 'O', 'O']"
637_aug2,"['hypothesis', 'confirmed', 'DMD', 'pedigrees', ',', 'represent', 'one', 'first', 'examples', 'gene', ',', 'mapped', 'linkage', 'analysis', ',', 'modifies']","['O', 'O', 'B-Disease', 'O', 'O', 'O', 'O', 'O', 'O', 'O', 'O', 'O', 'O', 'O', 'O', 'O']"
637_aug3,"['hypothesis', 'confirmed', 'BMD', 'pedigrees', ',', 'represent', 'one', 'first', 'examples', 'gene', ',', 'mapped', 'linkage', 'analysis', ',', 'modifies']","['O', 'O', 'B-Disease', 'O', 'O', 'O', 'O', 'O', 'O', 'O', 'O', 'O', 'O', 'O', 'O', 'O']"
637_aug4,"['hypothesis', 'confirmed', 'breast', 'and', '/', 'or', 'ovarian', 'cancer', 'pedigrees', ',', 'represent', 'one', 'first', 'examples', 'gene', ',', 'mapped', 'linkage', 'analysis', ',', 'modifies']","['O', 'O', 'B-Disease', 'I-Disease', 'I-Disease', 'I-Disease', 'I-Disease', 'I-Disease', 'O', 'O', 'O', 'O', 'O', 'O', 'O', 'O', 'O', 'O', 'O', 'O', 'O']"
4101_aug0,"['variants', 'reported', 'literature', ',', 'which', 'must', 'thus', 'far', 'be', 'regarded', 'as', 'sporadic', ',', 'are', 'found', 'to', 'map', 'in', 'parts', 'of', 'Italy', 'where', 'common', 'types', 'of', 'glucose', '-', '6', '-', 'phosphate', 'dehydrogenase', '(', 'G6PD', ')', 'deficiency', 'are', 'also', 'prevalent', '.', '.']","['O', 'O', 'O', 'O', 'O', 'O', 'O', 'O', 'O', 'O', 'O', 'O', 'O', 'O', 'O', 'O', 'O', 'O', 'O', 'O', 'O', 'O', 'O', 'O', 'O', 'B-Disease', 'I-Disease', 'I-Disease', 'I-Disease', 'I-Disease', 'I-Disease', 'I-Disease', 'I-Disease', 'I-Disease', 'I-Disease', 'O', 'O', 'O', 'O', 'O']"
4101_aug1,"['variants', 'reported', 'literature', ',', 'which', 'must', 'thus', 'far', 'be', 'regarded', 'as', 'sporadic', ',', 'are', 'found', 'to', 'map', 'in', 'parts', 'of', 'Italy', 'where', 'common', 'types', 'of', 'adrenomyeloneuropathy', 'are', 'also', 'prevalent', '.', '.']","['O', 'O', 'O', 'O', 'O', 'O', 'O', 'O', 'O', 'O', 'O', 'O', 'O', 'O', 'O', 'O', 'O', 'O', 'O', 'O', 'O', 'O', 'O', 'O', 'O', 'B-Disease', 'O', 'O', 'O', 'O', 'O']"
4101_aug2,"['variants', 'reported', 'literature', ',', 'which', 'must', 'thus', 'far', 'be', 'regarded', 'as', 'sporadic', ',', 'are', 'found', 'to', 'map', 'in', 'parts', 'of', 'Italy', 'where', 'common', 'types', 'of', 'contiguous', 'gene', 'syndrome', 'are', 'also', 'prevalent', '.', '.']","['O', 'O', 'O', 'O', 'O', 'O', 'O', 'O', 'O', 'O', 'O', 'O', 'O', 'O', 'O', 'O', 'O', 'O', 'O', 'O', 'O', 'O', 'O', 'O', 'O', 'B-Disease', 'I-Disease', 'I-Disease', 'O', 'O', 'O', 'O', 'O']"
4101_aug3,"['variants', 'reported', 'literature', ',', 'which', 'must', 'thus', 'far', 'be', 'regarded', 'as', 'sporadic', ',', 'are', 'found', 'to', 'map', 'in', 'parts', 'of', 'Italy', 'where', 'common', 'types', 'of', 'prolidase', 'deficiency', 'are', 'also', 'prevalent', '.', '.']","['O', 'O', 'O', 'O', 'O', 'O', 'O', 'O', 'O', 'O', 'O', 'O', 'O', 'O', 'O', 'O', 'O', 'O', 'O', 'O', 'O', 'O', 'O', 'O', 'O', 'B-Disease', 'I-Disease', 'O', 'O', 'O', 'O', 'O']"
4101_aug4,"['variants', 'reported', 'literature', ',', 'which', 'must', 'thus', 'far', 'be', 'regarded', 'as', 'sporadic', ',', 'are', 'found', 'to', 'map', 'in', 'parts', 'of', 'Italy', 'where', 'common', 'types', 'of', 'hemochromatosis', 'are', 'also', 'prevalent', '.', '.']","['O', 'O', 'O', 'O', 'O', 'O', 'O', 'O', 'O', 'O', 'O', 'O', 'O', 'O', 'O', 'O', 'O', 'O', 'O', 'O', 'O', 'O', 'O', 'O', 'O', 'B-Disease', 'O', 'O', 'O', 'O', 'O']"
5352_aug0,"['The', 'S135L', 'mutation', 'was', 'not', 'found', 'in', '84', 'white', 'patients', 'with', 'G', '/', 'G', 'prostate', 'cancer', 'nor', 'in', '87', 'white', 'control', 'subjects', 'prostate', 'cancer', 'galactosemia', '.']","['O', 'O', 'O', 'O', 'O', 'O', 'O', 'O', 'O', 'O', 'O', 'O', 'O', 'O', 'B-Disease', 'I-Disease', 'O', 'O', 'O', 'O', 'O', 'O', 'B-Disease', 'I-Disease', 'B-Disease', 'O']"
5352_aug1,"['The', 'S135L', 'mutation', 'was', 'not', 'found', 'in', '84', 'white', 'patients', 'with', 'G', '/', 'G', 'von', 'Willebrand', 'disease', 'type', 'B', 'nor', 'in', '87', 'von', 'Willebrand', 'disease', 'type', 'B', 'control', 'subjects', 'without', 'galactosemia', '.']","['O', 'O', 'O', 'O', 'O', 'O', 'O', 'O', 'O', 'O', 'O', 'O', 'O', 'O', 'B-Disease', 'I-Disease', 'I-Disease', 'I-Disease', 'I-Disease', 'O', 'O', 'O', 'B-Disease', 'I-Disease', 'I-Disease', 'I-Disease', 'I-Disease', 'O', 'O', 'O', 'B-Disease', 'O']"
4624_aug0,"['It', 'is', 'in', 'complete', 'linkage', 'disequilibrium', 'with', 'an', 'Alu', 'element', 'polymorphism', 'within', 'the', 'myotonic', 'dystrophy', 'kinase', 'gene', ',', 'suggesting', 'myotonic', 'dystrophy', 'DM', 'is', 'a', 'consequence', 'of', 'one', 'or', 'few', 'ancestral', 'mutations', '.']","['O', 'O', 'O', 'O', 'O', 'O', 'O', 'O', 'O', 'O', 'O', 'O', 'O', 'B-Disease', 'I-Disease', 'O', 'O', 'O', 'O', 'B-Disease', 'I-Disease', 'B-Disease', 'O', 'O', 'O', 'O', 'O', 'O', 'O', 'O', 'O', 'O']"
4624_aug1,"['It', 'is', 'in', 'complete', 'linkage', 'disequilibrium', 'with', 'an', 'Alu', 'element', 'polymorphism', 'within', 'the', 'Wilson', 'disease', 'kinase', 'gene', ',', 'suggesting', 'Wilson', 'disease', 'DM', 'is', 'a', 'consequence', 'of', 'one', 'or', 'few', 'ancestral', 'mutations', '.']","['O', 'O', 'O', 'O', 'O', 'O', 'O', 'O', 'O', 'O', 'O', 'O', 'O', 'B-Disease', 'I-Disease', 'O', 'O', 'O', 'O', 'B-Disease', 'I-Disease', 'B-Disease', 'O', 'O', 'O', 'O', 'O', 'O', 'O', 'O', 'O', 'O']"
4624_aug2,"['It', 'is', 'in', 'complete', 'linkage', 'disequilibrium', 'with', 'an', 'Alu', 'element', 'polymorphism', 'within', 'the', 'intracellular', 'copper', 'accumulation', 'kinase', 'gene', ',', 'intracellular', 'copper', 'accumulation', 'that', 'DM', 'is', 'a', 'consequence', 'of', 'one', 'or', 'few', 'ancestral', 'mutations', '.']","['O', 'O', 'O', 'O', 'O', 'O', 'O', 'O', 'O', 'O', 'O', 'O', 'O', 'B-Disease', 'I-Disease', 'I-Disease', 'O', 'O', 'O', 'B-Disease', 'I-Disease', 'I-Disease', 'O', 'B-Disease', 'O', 'O', 'O', 'O', 'O', 'O', 'O', 'O', 'O', 'O']"
4624_aug3,"['It', 'is', 'in', 'complete', 'linkage', 'disequilibrium', 'with', 'an', 'Alu', 'element', 'polymorphism', 'within', 'the', 'late', '-', 'onset', 'hepatic', 'nodular', 'transformation', 'late', '-', 'onset', 'hepatic', 'nodular', 'transformation', 'gene', ',', 'suggesting', 'that', 'DM', 'is', 'a', 'consequence', 'of', 'one', 'or', 'few', 'ancestral', 'mutations', '.']","['O', 'O', 'O', 'O', 'O', 'O', 'O', 'O', 'O', 'O', 'O', 'O', 'O', 'B-Disease', 'I-Disease', 'I-Disease', 'I-Disease', 'I-Disease', 'I-Disease', 'B-Disease', 'I-Disease', 'I-Disease', 'I-Disease', 'I-Disease', 'I-Disease', 'O', 'O', 'O', 'O', 'B-Disease', 'O', 'O', 'O', 'O', 'O', 'O', 'O', 'O', 'O', 'O']"
3690_aug0,"['-', 'specific', 'restriction', 'fragment', 'length', 'polymorphisms', 'used', 'establish', 'DNA', 'haplotypes', 'three', '-', 'generation', 'BMD', 'families', '.']","['O', 'O', 'O', 'O', 'O', 'O', 'O', 'O', 'O', 'O', 'O', 'O', 'O', 'B-Disease', 'O', 'O']"
3690_aug1,"['-', 'specific', 'restriction', 'fragment', 'length', 'polymorphisms', 'used', 'establish', 'DNA', 'haplotypes', 'three', '-', 'generation', 'adrenomyeloneuropathy', 'families', '.']","['O', 'O', 'O', 'O', 'O', 'O', 'O', 'O', 'O', 'O', 'O', 'O', 'O', 'B-Disease', 'O', 'O']"
3690_aug2,"['-', 'specific', 'restriction', 'fragment', 'length', 'polymorphisms', 'used', 'establish', 'DNA', 'haplotypes', 'three', '-', 'generation', 'contiguous', 'gene', 'syndrome', 'families', '.']","['O', 'O', 'O', 'O', 'O', 'O', 'O', 'O', 'O', 'O', 'O', 'O', 'O', 'B-Disease', 'I-Disease', 'I-Disease', 'O', 'O']"
3690_aug3,"['-', 'specific', 'restriction', 'fragment', 'length', 'polymorphisms', 'used', 'establish', 'DNA', 'haplotypes', 'three', '-', 'generation', 'VHL', 'families', '.']","['O', 'O', 'O', 'O', 'O', 'O', 'O', 'O', 'O', 'O', 'O', 'O', 'O', 'B-Disease', 'O', 'O']"
3690_aug4,"['-', 'specific', 'restriction', 'fragment', 'length', 'polymorphisms', 'used', 'establish', 'DNA', 'haplotypes', 'three', '-', 'generation', 'hereditary', 'and', 'non', 'hereditary', 'retinoblastoma', 'families', '.']","['O', 'O', 'O', 'O', 'O', 'O', 'O', 'O', 'O', 'O', 'O', 'O', 'O', 'B-Disease', 'I-Disease', 'I-Disease', 'I-Disease', 'I-Disease', 'O', 'O']"
1282_aug0,"['CONCLUSIONS', 'suggested', 'coexpression', 'hbeta', '(', ')', 'exposes', 'severe', 'functional', 'defect', 'results', 'greater', 'overlap', 'relationship', 'channel', 'Pendred', 'syndrome']","['O', 'O', 'O', 'O', 'O', 'O', 'O', 'O', 'O', 'O', 'O', 'O', 'O', 'O', 'O', 'B-Disease', 'I-Disease']"
1282_aug1,"['CONCLUSIONS', 'suggested', 'coexpression', 'hbeta', '(', ')', 'exposes', 'severe', 'functional', 'defect', 'results', 'greater', 'overlap', 'relationship', 'channel', 'ALPS']","['O', 'O', 'O', 'O', 'O', 'O', 'O', 'O', 'O', 'O', 'O', 'O', 'O', 'O', 'O', 'B-Disease']"
1282_aug2,"['CONCLUSIONS', 'suggested', 'coexpression', 'hbeta', '(', ')', 'exposes', 'severe', 'functional', 'defect', 'results', 'greater', 'overlap', 'relationship', 'channel', 'FRDA']","['O', 'O', 'O', 'O', 'O', 'O', 'O', 'O', 'O', 'O', 'O', 'O', 'O', 'O', 'O', 'B-Disease']"
1282_aug3,"['CONCLUSIONS', 'suggested', 'coexpression', 'hbeta', '(', ')', 'exposes', 'severe', 'functional', 'defect', 'results', 'greater', 'overlap', 'relationship', 'channel', 'adrenomyeloneuropathy']","['O', 'O', 'O', 'O', 'O', 'O', 'O', 'O', 'O', 'O', 'O', 'O', 'O', 'O', 'O', 'B-Disease']"
1282_aug4,"['CONCLUSIONS', 'suggested', 'coexpression', 'hbeta', '(', ')', 'exposes', 'severe', 'functional', 'defect', 'results', 'greater', 'overlap', 'relationship', 'channel', 'contiguous', 'gene', 'syndrome']","['O', 'O', 'O', 'O', 'O', 'O', 'O', 'O', 'O', 'O', 'O', 'O', 'O', 'O', 'O', 'B-Disease', 'I-Disease', 'I-Disease']"
4852_aug0,"['data', 'strongly', 'supports', 'the', 'candidature', 'of', 'PAX6', 'as', 'the', 'gene', 'responsible', 'for', 'hereditary', 'adrenomyeloneuropathy', '.', '.']","['O', 'O', 'O', 'O', 'O', 'O', 'O', 'O', 'O', 'O', 'O', 'O', 'O', 'B-Disease', 'O', 'O']"
4852_aug1,"['data', 'strongly', 'supports', 'the', 'candidature', 'of', 'PAX6', 'as', 'the', 'gene', 'responsible', 'for', 'hereditary', 'contiguous', 'gene', 'syndrome', '.', '.']","['O', 'O', 'O', 'O', 'O', 'O', 'O', 'O', 'O', 'O', 'O', 'O', 'O', 'B-Disease', 'I-Disease', 'I-Disease', 'O', 'O']"
4852_aug2,"['data', 'strongly', 'supports', 'the', 'candidature', 'of', 'PAX6', 'as', 'the', 'gene', 'responsible', 'for', 'hereditary', 'adult', 'MLD', '.', '.']","['O', 'O', 'O', 'O', 'O', 'O', 'O', 'O', 'O', 'O', 'O', 'O', 'O', 'B-Disease', 'I-Disease', 'O', 'O']"
4852_aug3,"['data', 'strongly', 'supports', 'the', 'candidature', 'of', 'PAX6', 'as', 'the', 'gene', 'responsible', 'for', 'hereditary', 'ALD', '.', '.']","['O', 'O', 'O', 'O', 'O', 'O', 'O', 'O', 'O', 'O', 'O', 'O', 'O', 'B-Disease', 'O', 'O']"
4852_aug4,"['data', 'strongly', 'supports', 'the', 'candidature', 'of', 'PAX6', 'as', 'the', 'gene', 'responsible', 'for', 'hereditary', 'ALPS', '.', '.']","['O', 'O', 'O', 'O', 'O', 'O', 'O', 'O', 'O', 'O', 'O', 'O', 'O', 'B-Disease', 'O', 'O']"
530_aug0,"['We', 'aimed', 'to', 'determine', 'whether', 'the', 'common', 'germline', 'mutations', 'of', 'BRCA1', 'or', 'BRCA2', 'in', 'Ashkenazi', 'Jewish', 'men', 'predisposed', 'them', 'to', 'hereditary', 'ovarian', 'cancers', '.']","['O', 'O', 'O', 'O', 'O', 'O', 'O', 'O', 'O', 'O', 'O', 'O', 'O', 'O', 'O', 'O', 'O', 'O', 'O', 'O', 'B-Disease', 'I-Disease', 'I-Disease', 'O']"
530_aug1,"['We', 'aimed', 'to', 'determine', 'whether', 'the', 'common', 'germline', 'mutations', 'of', 'BRCA1', 'or', 'BRCA2', 'in', 'Ashkenazi', 'Jewish', 'men', 'predisposed', 'them', 'to', 'breast', '-', 'ovarian', 'cancer', '.']","['O', 'O', 'O', 'O', 'O', 'O', 'O', 'O', 'O', 'O', 'O', 'O', 'O', 'O', 'O', 'O', 'O', 'O', 'O', 'O', 'B-Disease', 'I-Disease', 'I-Disease', 'I-Disease', 'O']"
